sub,stage,early_mean,late_mean,coupling_r,coupling_slope,n_epochs,front_ch,post_ch,cross_channel
n1,W,0.9137628476469781,0.26025371988379714,0.08874737571118571,0.061795370676959595,832,F1-F3,C3-P3,True
n1,N1,0.1099686054883604,0.02911464343434434,-0.06094422196835897,-0.047535933696051545,362,F1-F3,C3-P3,True
n1,N2,0.48933212487256345,0.23877855377860494,0.16963150931764626,0.18094320348577808,4667,F1-F3,C3-P3,True
n1,N3,0.8222709100695297,0.7051328124566744,0.14083838060172266,0.13302746979177216,7611,F1-F3,C3-P3,True
n1,R,0.834260966743793,0.9604552365734212,0.03844175732460858,0.03304701897417758,1019,F1-F3,C3-P3,True
n2,W,0.13497285110042967,1.2181592087463728,0.22223080515584898,0.16237893442306675,4664,FP2-F4,C4-P4,True
n2,N1,0.05318131927511982,1.078820588973613,0.14400197049806185,0.09953181197829632,4684,FP2-F4,C4-P4,True
n2,N2,-0.2391814521562134,1.1597940269322506,0.22665770013587008,0.12333811139212915,13043,FP2-F4,C4-P4,True
n2,N3,-0.09502945487525284,0.823846017986411,0.16336758827665204,0.09677222235408744,6632,FP2-F4,C4-P4,True
n2,R,-0.28069497037974434,1.1329082544716518,0.1763430372574297,0.1216701357577741,5208,FP2-F4,C4-P4,True
n3,W,0.7867998227264106,0.82799825543059,0.23476668068157064,0.20030439481516857,3978,FP1-F3,C3-P3,True
n3,N1,0.8362086739591587,0.2897724081029134,0.1694127691085573,0.14577785863365944,1443,FP1-F3,C3-P3,True
n3,N2,0.9832483935606562,0.44749062338442613,0.18549523544471008,0.1939208959099926,10177,FP1-F3,C3-P3,True
n3,N3,0.9347524384087769,-0.20891730041218004,0.1512527817587551,0.13008814086923032,8583,FP1-F3,C3-P3,True
n3,R,0.7249094916696635,0.38551572629461345,0.19309168433357263,0.1968720348853031,5551,FP1-F3,C3-P3,True
n4,W,-0.08000406731146421,0.36289995155963944,0.16427647077029434,0.09477983927679004,7673,FP2-F4,C4-P4,True
n4,N1,-0.43986550305199845,-0.07019709497441726,0.2645159948745925,0.27573543192945055,532,FP2-F4,C4-P4,True
n4,N2,0.1770003447830349,-0.4295310327595556,-0.06041286166524953,-0.047589901582085606,12846,FP2-F4,C4-P4,True
n4,N3,0.8527309886311804,-0.8740579979334938,-0.14834588152260547,-0.13357539837927732,4465,FP2-F4,C4-P4,True
n4,R,0.6111539250394659,-0.9731828110248114,-0.08229598672960549,-0.07618131006833422,5938,FP2-F4,C4-P4,True
n5,W,0.2949043129400986,0.2851686945637024,-0.022377400305445824,-0.021886048123772643,294,FP1-F3,C3-P3,True
n5,N1,0.6882742166342465,-0.584083231531731,0.10181090220122159,0.09725069371841537,1598,FP1-F3,C3-P3,True
n5,N2,0.4915184087809634,-0.21911515000680218,0.07137487126214878,0.07545985310131327,14114,FP1-F3,C3-P3,True
n5,N3,0.30310884628473733,-0.13010423337027036,0.06614067328633053,0.07158037069422446,10730,FP1-F3,C3-P3,True
n5,R,0.5453784530380069,-0.25639388766963706,0.10816838038802293,0.10885489195035064,7835,FP1-F3,C3-P3,True
n6,W,2.8321912540360583,-0.542196025193325,0.028218316773596794,0.03187861411768762,1575,C3-A2,O2-A1,True
n6,N1,0.9447680889367043,-0.1071701402763903,0.11655124231256236,0.10370321620141078,374,C3-A2,O2-A1,True
n6,N2,1.977364695137506,-0.4142714399013203,0.0968619092477375,0.08910457375465801,13052,C3-A2,O2-A1,True
n6,N3,0.7793310326854977,-0.7463202593402355,0.12666619089950928,0.10644214557922772,5618,C3-A2,O2-A1,True
n6,R,2.2967403193522413,-0.0024812047745851606,0.08627266657254026,0.08777333212044386,7229,C3-A2,O2-A1,True
n7,W,-0.11468756250680313,-0.6851326152949684,0.025437658343052397,0.028247737914721516,1812,C3-A2,O2-A1,True
n7,N1,0.8804091270714397,0.04371600457235051,0.016765942630531234,0.015825135835013136,341,C3-A2,O2-A1,True
n7,N2,0.3655190828633815,-0.27558149905161705,0.15680434347017586,0.13406043268143789,13209,C3-A2,O2-A1,True
n7,N3,0.20492714787554905,-0.8517334696111581,0.12174191716492946,0.11386730420072316,7750,C3-A2,O2-A1,True
n7,R,0.8307126043133212,0.2274574477765788,0.07478460025259083,0.07839914755605368,8763,C3-A2,O2-A1,True
n8,W,0.07713486414958298,1.2356048135312145,0.17920732153551247,0.19174691154580464,3993,F4-C4,C4-P4,True
n8,N1,0.409523675705486,1.2375386304424207,0.2830728944584408,0.28399988047813385,1381,F4-C4,C4-P4,True
n8,N2,0.3005814616425342,0.9183019744049474,0.35495478135467917,0.3501788733239727,13188,F4-C4,C4-P4,True
n8,N3,0.20739874486478535,1.036454939238566,0.39478124803673786,0.38714859729850004,7660,F4-C4,C4-P4,True
n8,R,0.06910527548893203,0.9556221643207693,0.2565495535333052,0.37261621537769274,6438,F4-C4,C4-P4,True
n9,W,1.0012491980381353,-0.05576779770710055,0.23254728393649401,0.27111797937903837,3492,C3-A2,O2-A1,True
n9,N1,1.7013828354268192,-0.24598642649568092,0.25706927528552237,0.23989254995595075,826,C3-A2,O2-A1,True
n9,N2,1.3194644106226494,-0.9105346721637896,0.1807488244682959,0.13554484188503402,11922,C3-A2,O2-A1,True
n9,N3,-0.3400861846059921,-1.6756740978515778,0.16988871958851276,0.14010658314988372,4584,C3-A2,O2-A1,True
n9,R,1.8464223615764874,0.3090974886537248,0.16198774981184919,0.16554044397996312,6065,C3-A2,O2-A1,True
n10,W,-0.3385274531983215,-0.5760461427827007,0.07750354035599466,0.03942150503078365,2400,FP1-F3,C3-P3,True
n10,N1,-0.9356364398381203,0.06086567437670377,0.1304258465425435,0.05467893191863188,74,FP1-F3,C3-P3,True
n10,N2,0.3179556613135958,1.3923760217978247,-0.03829499163751202,-0.029901933616360014,9266,FP1-F3,C3-P3,True
n10,N3,0.11006180695444757,1.3763250162138105,0.001610707352029082,0.0012428712480713688,11193,FP1-F3,C3-P3,True
n10,R,0.365449336192615,0.34835677834923773,-0.020875135509377224,-0.014890903897542706,8130,FP1-F3,C3-P3,True
n11,W,-0.4243368729983819,1.21157826320554,0.30164654738832003,0.19243162876154513,1487,FP1-F3,C3-P3,True
n11,N1,0.37652024306789844,0.4906133825480061,0.28931569174209426,0.23999182658925833,193,FP1-F3,C3-P3,True
n11,N2,0.4547378017366763,0.5387687124293198,-0.08062364641249742,-0.0685163426498337,7990,FP1-F3,C3-P3,True
n11,N3,1.1260817037375737,-0.051081354902067916,0.2512630459760733,0.2333903143365333,11311,FP1-F3,C3-P3,True
n11,R,0.3710347366389017,1.0043657353067796,-0.15405224824836425,-0.13189625211068637,11529,FP1-F3,C3-P3,True
n12,W,2.498862925692194,0.2965887770765816,0.30966410265197625,0.29935989233878785,286,C3-A2,O1-A2,True
n12,N1,0.34330712159580573,-0.1664934026389445,0.5562142785665313,0.6570291328154573,183,C3-A2,O1-A2,True
n12,N2,0.6770799164567892,0.8194834701937171,0.5317167204507579,0.45365389241851367,13161,C3-A2,O1-A2,True
n12,N3,0.26438847876551896,0.4357687577732797,0.5949824773129647,0.6062354645874232,7001,C3-A2,O1-A2,True
n12,R,0.7656585500527332,0.26676422090859275,0.4691029988164305,0.3760917008201828,9659,C3-A2,O1-A2,True
n13,W,,,,,0,F3A2,O1A2,True
n13,N1,,,,,0,F3A2,O1A2,True
n13,N2,,,,,0,F3A2,O1A2,True
n13,N3,,,,,0,F3A2,O1A2,True
n13,R,,,,,0,F3A2,O1A2,True
n14,W,,,,,0,F3A2,O1A2,True
n14,N1,,,,,2,F3A2,O1A2,True
n14,N2,,,,,0,F3A2,O1A2,True
n14,N3,,,,,0,F3A2,O1A2,True
n14,R,,,,,0,F3A2,O1A2,True
n15,W,,,,,6,F3A2,O1A2,True
n15,N1,,,,,0,F3A2,O1A2,True
n15,N2,,,,,0,F3A2,O1A2,True
n15,N3,,,,,0,F3A2,O1A2,True
n15,R,,,,,0,F3A2,O1A2,True
